id;etat_de_compte;libele;odre_beneficiere;matricule_compte;matricule_menbre
1;true;b;61499;Bedfordshire Baby;Re-engineered c SMTP
2;true;EXE;99723;Bonaparte Cambridgeshire;Books redundant wireless
3;false;Midi-Pyrénées schemas payment;69782;TCP Ouguiya;Pizza drive a
4;true;Designer synergies;57690;Refined Manager;Turkménistan Luxembourg b
5;false;Cloned pricing deposit;98324;Investment Fundamental embrace;multi-byte
6;true;payment XML;99264;Account multi-byte;b
7;true;deposit payment;8328;up Avon reboot;firewall Cotton
8;false;deposit;24046;alarm index Executif;Plastic multi-byte
9;true;Kids open-source a;19384;alarm Berkshire;implement
10;true;c;9240;b;withdrawal Configurable payment
