id;email;telephone;mobile
1;Quentin.Petit85@yahoo.fr;0248564578;orchestrate reboot
2;Gwenalle_Joly@yahoo.fr;0567954075;c
3;Audran48@gmail.com;0499487548;Games withdrawal
4;Aphlie28@gmail.com;0403609302;open-source
5;Armandine.Chevalier70@yahoo.fr;0482493731;deposit capacitor Tuvalu
6;Agrippin.Renaud6@yahoo.fr;0703907844;Stagiaire
7;Almire_Marchal7@gmail.com;0632461192;haptic deposit multi-byte
8;Guilhemine.Barre23@gmail.com;0580424732;strategize engage b
9;Grgoire.Garcia@gmail.com;0456810967;Gorgeous
10;Pulchrie67@gmail.com;+33 402748394;Licensed
