id;libelle;montant;date_decaissement;montant_decaisse;commentaire
1;Intelligent;70905;2023-06-07T23:31:40;60721;cross-media Account
2;orange;28341;2023-06-08T03:20:28;9067;a Investment
3;Chips programming Buckinghamshire;27757;2023-06-07T20:33:38;3493;Garden Bedfordshire
4;Movies red standardization;23971;2023-06-08T05:38:37;38116;Health intuitive
5;reboot;66475;2023-06-08T00:49:04;26803;a repurpose
6;deliverables a Function-based;41427;2023-06-08T00:44:06;56128;mission-critical Islands
7;rich SCSI Agent;97740;2023-06-08T02:25:06;46369;Investment Ethiopian
8;next-generation;51687;2023-06-08T02:30:36;19278;Bacon JSON Bedfordshire
9;deposit;26863;2023-06-08T14:16:24;96831;Shoes Ball
10;ivory calculate;31266;2023-06-07T18:34:33;77058;c
