id;libele;codepot;montant_payer;description;budget;date_evenement
1;open-source;c;Haute-Normandie;Pierre capacitor;52570;2023-06-08T11:44:24
2;payment;distributed invoice;Mexique green Specialiste;aggregate;98157;2023-06-07T18:00:12
3;connecting;ADP envisioneer navigate;Technicien;array invoice;43605;2023-06-08T05:25:49
4;best-of-breed b;Movies calculate;Tasty navigating;ÃŽle-de-France;42484;2023-06-07T18:07:31
5;b;facilitate;Stagiaire Assimilated Euro;Poitou-Charentes;48761;2023-06-08T08:31:32
6;monitor solution-oriented;Vaneau Alsace withdrawal;quantify Basse-Normandie;Practical Handmade withdrawal;17878;2023-06-07T22:17:51
7;system virtual Generic;pink Customizable brand;Ball;copy silver Reduced;49729;2023-06-08T06:53:42
8;embrace;Checking c sticky;multi-byte Antillian la;Automotive navigating;78681;2023-06-07T21:29:23
9;programming c;EXE moderator cyan;copy input;Unbranded Open-architected;56215;2023-06-08T05:45:31
10;structure logistical;transmitting ivory SDD;pink;Japon Coordinateur Handmade;88541;2023-06-08T09:34:45
