id;libelle;date_jour;description;code_assemble;code_evenement
1;plum implementation;2023-06-07T19:06:19;Gorgeous;Bonaparte;Fidji holistic salmon
2;Unbranded;2023-06-07T18:32:06;c program Self-enabling;USB;Limousin architect Savings
3;Metal;2023-06-07T20:20:32;optimize Chips Table;Cambridgeshire blue;clicks-and-mortar a
4;SDD Tuna;2023-06-08T00:54:07;c index;Vaugirard neural a;lavender
5;Frozen Manat;2023-06-08T07:13:34;IsraÃ«l;Shirt Lempira;Keyboard
6;deliverables experiences;2023-06-07T19:43:14;one-to-one invoice firewall;calculating e-enable JSON;Cambridgeshire Ergonomic Loan
7;Refined hybrid;2023-06-08T10:45:47;green Loan Account;Automotive Gorgeous;portal Chicken
8;Aquitaine Buckinghamshire withdrawal;2023-06-08T06:47:57;Somoni;red;transmitter
9;Toys;2023-06-08T11:31:48;Fresh front-end;mindshare monitoring;RSS
10;sensor eco-centric;2023-06-07T18:45:29;a;Pants;deposit pixel
