id;date_action;matricule_personne;action;result;description
1;2023-06-08T04:27:56;Card;Jewelery;a transmitting Chicken;ubiquitous Mexique c
2;2023-06-08T06:58:27;Kids;Keyboard Rivoli;Languedoc-Roussillon global local;help-desk plug-and-play Chair
3;2023-06-08T05:18:11;Refined;Oberkampf;Mouse Laos;purple web-readiness Marshall
4;2023-06-07T16:21:00;Cotton transmitter synthesize;Cambridgeshire;Investment multi-state;throughput HDD
5;2023-06-07T23:27:58;Plastic orchid;Cheese;a Chair deposit;Limousin
6;2023-06-08T13:25:49;architectures backing;Directeur archive;Afrique Shoes world-class;payment
7;2023-06-07T21:29:35;Rustic b;Steel productize;Languedoc-Roussillon indexing Chips;supply-chains
8;2023-06-08T04:32:35;deposit didactic;Chair;Home SCSI;Keyboard
9;2023-06-08T12:48:16;Riel Refined;metrics Salad;payment e-markets blue;robust
10;2023-06-07T15:11:03;digital;Distributed Balboa;frictionless;b
